country,average,iso_code
australia,1.8703374777975132,AUS
belgium,1.9638932496075354,BEL
canada,1.6565295169946332,CAN
france,1.6191264301647839,FRA
germany,1.1063808771236665,DEU
morocco,1.4022988505747127,MAR
spain,1.259470236399886,ESP
switzerland,1.5728380731282647,CHE
united kingdom,1.4283128167994208,GBR
united states,1.6952827870291272,USA
